date;Time (UTC);Latitude;Longitude;Region Name;Depth;Mw;Strike1;Dip1;Rake1;Strike2;Dip2;Rake2;Mo;DC;VR;Computed by;Method
20240127;05:19:19;37.97;27.14;x;11;5.0;96;41;-95;283;48;-85;4.31E+16;71;0.94;Yavuz Gunes;SC3
20240125;13:04:06;38.15;38.43;x;10;5.0;215;20;-25;329;81;-108;4.07E+16;95;0.88;Yavuz Gunes;SC3
20240119;22:27:35;38.83;37.47;x;10;4.Şub;277;70;14;182;76;159;2.54E+15;77;0.74;Yavuz Gunes;SC3
20240108;13:19:12;38.31;38.77;x;10;4.Mar;318;75;166;51;76;14;3.22E+15;99;0.73;Yavuz Gunes;SC3
20231231;17:06:04;37.34;44.10;x;10;4.Haz;134;85;-133;39;43;-6;1.14E+16;66;0.81;Yavuz Gunes;SC3
20231231;16:37:55;37.38;44.00;x;10;4.Nis;312;55;179;43;89;34;5.43E+15;47;0.81;Yavuz Gunes;SC3
20231227;13:04:12;41.05;33.81;x;10;4.May;116;88;170;206;80;1;7.50E+15;62;0.85;Yavuz Gunes;SC3
20231217;20:53:52;40.73;29.Eyl;x;14;4.0;179;73;-73;312;23;-134;8.72E+14;97;0.81;Yavuz Gunes;SC3
20231204;07:42:20;40.40;28.85;x;6;5.0;273;54;-119;136;45;-56;3.47E+16;14;0.93;Dogan Kalafat;ISOLA
20231201;00:18:50;38.40;37.48;x;10;4.Haz;186;53;-107;34;40;-68;9.47E+15;25;0.92;Yavuz Gunes;SC3
20231123;14:46:08;38.14;38.56;x;10;5.Şub;141;75;-171;49;81;-14;7.90E+16;94;0.95;Yavuz Gunes;SC3
20231120;07:36:05;38.23;38.76;x;10;4.May;315;74;177;45;87;15;7.97E+15;28;0.75;Yavuz Gunes;SC3
20231113;05:28:28;37.72;29.93;x;10;4.Şub;26;54;-125;256;48;-50;2.84E+15;84;0.85;Yavuz Gunes;SC3
20231109;02:32:13;36.62;36.67;x;14;4.Haz;198;54;-51;324;50;-131;1.08E+16;62;0.94;Yavuz Gunes;SC3
20231108;12:39:42;37.08;30.23;x;102;4.Nis;59;56;48;297;51;135;4.77E+15;85;0.81;Yavuz Gunes;SC3
20231107;20:05:48;40.47;27.55;x;15;3.Eyl;106;83;-176;15;86;-6;8.97E+14;57;0.85;Yavuz Gunes;SC3
20231018;12:55:24;38.20;27.69;x;10;4.Şub;93;42;-88;272;48;-90;2.55E+15;75;0.85;Yavuz Gunes;SC3
20231014;14:07:09;40.87;31.74;x;10;4.Nis;279;73;-174;187;84;-16;5.18E+15;50;0.90;Yavuz Gunes;SC3
20231012;11:04:02;38.88;43.58;x;14;4.May;295;74;166;29;76;15;8.08E+15;62;0.82;Yavuz Gunes;SC3
20230923;08:22:22;37.94;36.41;x;10;4.May;54;53;-88;231;36;-92;6.33E+15;66;0.88;Yavuz Gunes;SC3
20230904;05:26:08;37.97;27.13;x;12;4.Mar;319;72;-22;56;68;-160;3.67E+15;86;0.78;Yavuz Gunes;SC3
20230829;04:58:15;38.90;32.96;x;13;4.Ağu;298;88;175;28;85;1;1.74E+16;76;0.87;Yavuz Gunes;SC3
20230824;05:35:24;38.27;38.19;x;10;4.Ağu;343;79;-171;251;81;-10;1.65E+16;80;0.90;Yavuz Gunes;SC3
20230822;10:17:34;38.43;36.70;x;14;4.Tem;273;76;140;14;51;17;1.50E+16;84;0.82;Yavuz Gunes;SC3
20230816;14:36:59;37.66;35.40;x;10;4.May;194;51;-124;62;49;-54;6.16E+15;65;0.70;Yavuz Gunes;SC3
20230812;13:39:16;38.31;38.21;x;10;4.Haz;342;83;-159;250;69;-7;8.46E+15;94;0.82;Yavuz Gunes;SC3
20230810;17:48:01;38.30;38.22;x;10;5.Şub;339;67;-142;233;55;-27;8.23E+16;85;0.93;Yavuz Gunes;SC3
20230810;13:16:04;35.70;31.40;x;24;4.Haz;104;74;82;311;16;115;9.34E+15;70;0.84;Yavuz Gunes;SC3
20230801;15:06:51;38.13;32.64;x;10;4.Eyl;190;47;-86;5;42;-93;3.14E+16;88;0.94;Yavuz Gunes;SC3
20230725;05:44:48;37.60;35.91;x;10;5.Nis;161;76;177;251;88;14;1.52E+17;88;0.94;Yavuz Gunes;SC3
20230618;15:36:28;38.21;38.61;x;10;4.May;94;13;-82;264;78;-91;8.14E+15;86;0.73;Yavuz Gunes;SC3
20230605;16:40:48;38.00;36.57;x;10;4.Mar;27;84;-106;280;17;-18;3.71E+15;67;0.77;Yavuz Gunes;SC3
20230521;12:46:12;37.91;36.25;x;10;4.Eyl;233;59;-76;18;33;-111;3.00E+16;81;0.86;Yavuz Gunes;SC3
20230518;18:58:51;34.98;24.84;x;10;4.Eyl;92;43;-87;269;46;-92;3.25E+16;92;0.94;Yavuz Gunes;SC3
20230512;08:33:20;37.87;36.27;x;7;4.Nis;20;40;-110;226;53;-74;5.35E+15;98;0.63;Remzi Polat;ISOLA
20230508;20:20:34;38.11;38.35;x;10;4.May;333;86;157;64;67;4;5.93E+15;93;0.83;Yavuz Gunes;SC3
20230507;08:36:10;36.44;36.29;x;10;5.0;176;59;-173;82;84;-30;4.32E+16;87;0.94;Yavuz Gunes;SC3
20230503;17:16:38;38.08;36.58;x;10;4.Ağu;178;51;-129;51;53;-51;1.93E+16;75;0.93;Yavuz Gunes;SC3
20230429;01:55:47;38.02;36.45;x;10;4.Haz;349;86;-166;258;76;-3;9.75E+15;64;0.97;Yavuz Gunes;SC3
20230426;20:00:36;36.35;26.36;x;115;5.Oca;332;64;-159;233;71;-27;5.42E+16;99;0.93;Yavuz Gunes;SC3
20230426;15:31:05;37.95;36.43;x;10;4.Mar;347;76;-168;254;78;-14;3.85E+15;89;0.86;Yavuz Gunes;SC3
20230419;22:44:07;38.46;39.19;x;10;4.May;335;69;167;69;77;20;7.65E+15;99;0.69;Yavuz Gunes;SC3
20230407;08:29:36;39.03;40.43;x;10;4.May;317;82;-176;227;86;-7;6.10E+15;59;0.94;Yavuz Gunes;SC3
20230329;16:47:01;37.96;36.29;x;10;4.May;233;59;-41;347;54;-142;7.26E+15;71;0.94;Yavuz Gunes;SC3
20230327;14:35:16;38.05;36.54;x;10;4.Nis;144;80;-159;21;70;-9;5.05E+15;98;0.72;Yavuz Gunes;SC3
20230324;03:17:02;38.40;44.85;x;14;5.May;53;47;79;249;43;101;2.27E+17;66;0.94;Yavuz Gunes;SC3
20230324;00:39:53;38.02;36.40;x;10;4.Nis;256;50;-38;13;61;-133;4.80E+15;84;0.85;Yavuz Gunes;SC3
20230323;09:19:53;38.02;36.45;x;10;5.Şub;7;66;-145;261;58;-28;6.70E+16;84;0.87;Yavuz Gunes;SC3
20230322;19:43:24;38.18;38.07;x;10;4.Mar;164;86;160;255;70;3;3.43E+15;99;0.92;Yavuz Gunes;SC3
20230318;05:14:29;38.01;36.45;x;10;4.Nis;213;43;-81;22;47;-97;4.41E+15;100;0.89;Yavuz Gunes;SC3
20230316;19:59:13;36.36;34.37;x;10;4.Nis;285;77;-6;16;83;-167;4.62E+15;80;0.82;Yavuz Gunes;SC3
20230316;10:55:05;40.80;31.55;x;10;4.Tem;299;77;-170;206;80;-12;1.18E+16;50;0.92;Yavuz Gunes;SC3
20230314;14:49:48;37.84;37.37;x;10;4.Tem;295;75;-3;26;86;-165;1.33E+16;82;0.93;Yavuz Gunes;SC3
20230314;06:47:34;38.11;36.95;x;10;4.Tem;131;76;171;223;81;13;1.43E+16;89;0.81;Yavuz Gunes;SC3
20230313;02:13:53;38.14;38.68;x;12;4.Nis;139;80;158;233;68;10;5.46E+15;97;0.91;Yavuz Gunes;SC3
20230313;01:34:30;38.12;38.69;x;10;4.Tem;315;89;-178;225;88;0;1.24E+16;99;0.91;Yavuz Gunes;SC3
20230310;02:28:13;38.71;35.29;x;10;4.Ağu;306;83;168;38;78;6;2.16E+16;69;0.92;Yavuz Gunes;SC3
20230309;18:55:28;38.05;35.42;x;10;4.Mar;351;86;179;81;89;3;3.47E+15;59;0.87;Yavuz Gunes;SC3
20230307;11:47:28;37.71;35.29;x;12;4.Tem;325;69;-168;231;79;-20;1.33E+16;93;0.74;Yavuz Gunes;SC3
20230307;09:40:12;37.71;36.57;x;10;4.Tem;293;78;-170;201;80;-11;1.42E+16;90;0.80;Yavuz Gunes;SC3
20230305;20:49:45;36.75;36.13;x;10;4.Ağu;307;68;-173;215;84;-21;2.23E+16;88;0.81;Yavuz Gunes;SC3
20230303;02:53:43;37.85;36.65;x;10;4.Ağu;45;38;-106;246;53;-77;2.28E+16;88;0.88;Yavuz Gunes;SC3
20230301;07:20:23;36.32;36.07;x;13;4.Tem;62;50;-97;255;40;-80;1.45E+16;84;0.78;Yavuz Gunes;SC3
20230227;09:04:50;38.25;38.29;x;16;5.Şub;356;81;177;87;87;8;9.18E+16;61;0.95;Yavuz Gunes;SC3
20230227;02:51:21;37.90;37.61;x;10;4.Ağu;183;60;97;348;30;76;1.71E+16;96;0.89;Yavuz Gunes;SC3
20230225;10:27:11;38.00;34.01;x;10;5.Şub;356;86;157;87;67;3;7.43E+16;60;0.81;Yavuz Gunes;SC3
20230223;15:53:46;36.11;36.10;x;10;4.Eyl;200;37;-97;30;52;-81;2.81E+16;79;0.93;Yavuz Gunes;SC3
20230220;17:04:28;36.10;36.13;x;16;6.Mar;330;68;-143;225;56;-25;3.63E+18;59;0.90;Yavuz Gunes;SC3
20230218;19:31:32;38.08;36.64;x;15;4.Eyl;321;77;168;53;78;12;2.46E+16;96;0.83;Yavuz Gunes;SC3
20230209;07:18:17;37.05;36.68;x;10;4.Ağu;141;37;-74;302;53;-101;1.68E+16;68;0.86;Yavuz Gunes;SC3
20230208;11:11:54;38.02;37.68;x;13;5.Nis;298;80;2;208;87;170;1.42E+17;82;0.95;Yavuz Gunes;SC3
20230207;10:18:13;38.13;38.51;x;10;5.Mar;327;50;169;64;82;40;1.10E+17;96;0.89;Yavuz Gunes;SC3
20230207;07:11:16;38.15;38.69;x;15;5.Nis;330;84;179;60;89;5;1.37E+17;45;0.92;Yavuz Gunes;SC3
20230207;03:13:14;37.79;37.66;x;19;5.Nis;107;77;173;198;83;12;1.84E+17;70;0.96;Yavuz Gunes;SC3
20230206;20:37:53;37.26;37.07;x;11;5.Mar;176;42;-82;346;47;-96;1.02E+17;62;0.89;Yavuz Gunes;SC3
20230206;15:33:34;38.26;38.13;x;10;5.Nis;329;87;150;61;60;2;1.44E+17;60;0.84;Yavuz Gunes;SC3
20230206;12:02:13;38.07;36.47;x;10;6.0;306;88;-174;216;84;-1;1.46E+18;68;0.88;Yavuz Gunes;SC3
20230206;10:24:48;38.05;37.26;x;10;7.Haz;273;67;-9;6;81;-157;2.73E+20;67;0.88;Yavuz Gunes;SC3
20230206;01:17:35;37.13;37.13;x;10;7.Tem;324;65;-152;222;64;-27;3.78E+20;67;0.81;Yavuz Gunes;SC3
20230128;18:14:46;38.56;45.00;x;14;5.Eyl;125;86;-166;34;76;-4;8.89E+17;94;0.96;Yavuz Gunes;SC3
20230125;12:37:06;35.80;28.53;x;28;5.Ağu;338;75;178;68;88;14;6.60E+17;83;0.91;Yavuz Gunes;SC3
20230119;02:22:27;39.50;25.86;x;18;4.Mar;323;66;-36;70;56;-151;3.62E+15;61;0.82;Yavuz Gunes;SC3
20230118;10:08:15;38.50;45.02;x;10;5.Tem;116;78;-150;20;61;-13;4.16E+17;65;0.84;Yavuz Gunes;SC3
20230115;03:36:27;38.41;39.14;x;10;4.Tem;332;87;-145;230;55;-3;1.26E+16;68;0.83;Yavuz Gunes;SC3
20230113;03:31:33;34.56;25.27;x;61;4.Tem;84;46;50;314;56;123;1.36E+16;90;0.92;Yavuz Gunes;SC3
20230110;07:38:30;39.36;26.24;x;15;5.0;147;83;-1;237;88;-173;3.52E+16;93;0.84;Yavuz Gunes;SC3
20230107;06:39:29;39.37;26.25;x;13;4.Haz;319;82;0;49;89;-172;9.88E+15;57;0.89;Yavuz Gunes;SC3
20230107;01:52:57;39.37;26.27;x;14;4.Eyl;330;76;-8;62;81;-166;2.84E+16;61;0.94;Yavuz Gunes;SC3
20221218;18:13:10;36.39;36.43;x;29;4.Ağu;114;83;157;207;67;7;1.75E+16;71;0.93;Yavuz Gunes;SC3
20221213;03:21:17;40.36;27.Kas;x;10;4.Oca;176;85;-9;267;80;-175;1.55E+15;78;0.85;Yavuz Gunes;SC3
20221123;01:08:14;40.83;31.00;x;10;6.0;167;88;-16;257;73;-178;1.39E+18;79;0.92;Yavuz Gunes;SC3
20221120;23:25:02;35.83;26.43;x;72;5.Nis;144;71;29;43;62;158;1.62E+17;91;0.95;Yavuz Gunes;SC3
20221104;00:29:21;38.35;27.19;x;15;4.Ağu;343;88;-29;74;60;-178;2.12E+16;70;0.83;Yavuz Gunes;SC3
20221102;17:41:18;35.92;30.88;x;49;5.0;347;37;169;85;83;52;3.59E+16;64;0.78;Yavuz Gunes;SC3
20221020;11:34:58;37.38;37.24;x;10;4.Mar;141;84;-171;51;81;-5;3.19E+15;82;0.87;Yavuz Gunes;SC3
20221018;10:27:24;37.91;27.19;x;6;4.Mar;299;39;-69;93;54;-106;3.50E+15;78;0.61;Remzi Polat;ISOLA
20221011;15:48:46;37.30;36.31;x;15;5.0;197;45;-69;348;47;-110;3.50E+16;82;0.90;Yavuz Gunes;SC3
20221005;00:21:27;38.47;45.26;x;10;5.Haz;296;70;158;33;69;20;3.14E+17;91;0.94;Yavuz Gunes;SC3
20221002;10:58:03;37.04;28.90;x;10;4.Tem;74;38;-80;242;52;-97;1.27E+16;94;0.91;Yavuz Gunes;SC3
20221002;04:04:05;34.35;26.17;x;10;5.Mar;83;62;85;273;27;99;9.75E+16;95;0.95;Yavuz Gunes;SC3
20220929;21:49:03;39.62;40.56;x;10;4.Nis;311;78;169;43;79;11;5.60E+15;66;0.85;Yavuz Gunes;SC3
20220927;14:08:31;40.82;42.82;x;10;5.Şub;156;88;175;247;85;1;9.17E+16;93;0.90;Yavuz Gunes;SC3
20220916;20:30:36;39.40;40.66;x;15;4.Ağu;289;55;-167;192;79;-35;2.05E+16;98;0.85;Yavuz Gunes;SC3
20220903;04:13:09;34.84;26.44;x;12;5.Mar;352;84;169;83;79;5;1.13E+17;26;0.92;Yavuz Gunes;SC3
20220831;09:56:39;37.56;26.78;x;10;4.Tem;70;43;-115;284;51;-67;1.63E+16;69;0.81;Yavuz Gunes;SC3
20220831;14:02:18;37.57;26.84;x;10;4.Haz;48;46;-136;286;60;-52;1.17E+16;13;0.96;Yavuz Gunes;SC3
20220831;10:10:11;37.58;26.79;x;10;5.Nis;102;36;-82;273;53;-95;1.41E+17;87;0.94;Yavuz Gunes;SC3
20220814;03:24:22;37.97;27.17;x;11;4.Ağu;75;44;-119;293;52;-64;1.85E+16;78;0.89;Yavuz Gunes;SC3
20220807;08:02:02;36.12;29.63;x;45;4.Nis;166;30;-87;343;59;-91;5.45E+15;100;0.74;Yavuz Gunes;SC3
20220803;10:05:29;36.16;30.93;x;80;4.Şub;108;80;9;16;80;170;2.74E+15;91;0.79;Yavuz Gunes;SC3
20220726;06:11:00;37.45;36.99;x;5;4.Mar;301;71;174;32;85;19;3.87E+15;73;0.79;Remzi Polat;ISOLA
20220721;15:44:23;40.16;27.41;x;12;4.Mar;271;78;-171;179;81;-11;3.60E+15;67;0.80;Yavuz Gunes;SC3
20220720;19:49:39;40.82;31.35;x;18;4.Şub;287;73;167;21;77;18;2.16E+15;96;0.60;Remzi Polat;ISOLA
20220717;11:55:39;39.27;27.69;x;10;4.Şub;158;89;2;68;87;179;2.46E+15;97;0.77;Yavuz Gunes;SC3
20220629;19:04:34;39.07;37.77;x;14;4.Nis;319;83;178;49;88;6;4.95E+15;61;0.85;Yavuz Gunes;SC3
20220619;23:24:33;35.30;27.16;x;40;4.Eyl;92;42;-59;234;54;-115;2.51E+16;94;0.76;Yavuz Gunes;SC3
20220612;18:35:20;38.75;43.67;x;10;5.Oca;284;74;171;16;82;15;6.28E+16;88;0.89;Yavuz Gunes;SC3
20220611;02:05:52;36.00;31.35;x;77;4.Mar;192;71;61;72;33;145;3.48E+15;63;0.86;Yavuz Gunes;SC3
20220610;06:02:26;38.77;43.66;x;10;4.Haz;107;70;170;200;80;19;9.77E+15;94;0.87;Yavuz Gunes;SC3
20220610;01:40:20;34.81;33.91;x;30;5.0;172;64;93;344;26;82;4.19E+16;86;0.81;Yavuz Gunes;SC3
20220603;22:58:58;39.82;27.95;x;15;4.Nis;133;67;-12;228;78;-157;4.58E+15;96;0.89;Yavuz Gunes;SC3
20220603;16:05:11;36.03;27.58;x;23;4.Mar;137;63;-133;22;49;-35;3.72E+15;97;0.85;Yavuz Gunes;SC3
20220531;15:45:43;38.97;29.72;x;4;4.Şub;301;46;-69;92;48;-110;2.42E+15;76;0.74;Remzi Polat;ISOLA
20220513;22:08:49;38.20;26.20;x;15;4.Mar;139;80;-6;230;83;-170;3.64E+15;76;0.87;Yavuz Gunes;SC3
20220426;19:11:35;34.57;32.44;x;25;4.May;94;66;92;267;23;83;6.28E+15;91;0.84;Yavuz Gunes;SC3
20220424;04:14:05;35.16;27.Mar;x;19;4.Nis;234;43;-32;348;68;-128;4.61E+15;97;0.91;Yavuz Gunes;SC3
20220413;19:35:48;34.65;24.68;x;46;4.Tem;189;63;-107;43;31;-59;1.32E+16;50;0.74;Yavuz Gunes;SC3
20220411;17:38:41;42.33;31.Mar;x;30;4.Nis;217;38;109;13;53;75;5.62E+15;83;0.70;Yavuz Gunes;SC3
20220409;14:02:15;38.10;38.63;x;10;5.Şub;339;71;-169;245;79;-18;7.30E+16;100;0.84;Yavuz Gunes;SC3
20220314;12:38:19;38.09;38.36;x;10;4.Şub;160;79;-163;67;74;-11;2.45E+15;91;0.79;Yavuz Gunes;SC3
20220220;20:20:11;40.73;27.41;x;12;4.0;89;74;149;188;61;17;1.41E+15;81;0.90;Yavuz Gunes;SC3
20220213;18:25:55;41.15;43.98;x;25;5.Mar;314;89;174;44;84;0;1.24E+17;93;0.91;Yavuz Gunes;SC3
20220211;16:18:07;36.96;27.66;x;4;4.Oca;286;52;-75;82;41;-109;1.90E+15;100;0.81;Remzi Polat;ISOLA
20220206;12:07:52;40.46;29.00;x;9;3.Ağu;279;80;-132;178;43;-15;5.32E+14;66;0.74;Remzi Polat;ISOLA
20220202;21:03:51;35.01;31.83;x;38;5.Mar;110;68;86;299;22;98;1.03E+17;48;0.84;Yavuz Gunes;SC3
20220131;00:49:53;39.08;40.04;x;20;4.Haz;140;71;-178;49;88;-18;1.10E+16;57;0.90;Yavuz Gunes;SC3
20220122;19:31:43;39.58;28.82;x;12;4.Tem;174;72;2;83;87;162;1.18E+16;97;0.83;Yavuz Gunes;SC3
20220117;23:28:55;39.60;35.94;x;19;4.Eyl;329;83;-178;238;88;-6;3.16E+16;26;0.93;Yavuz Gunes;SC3
20220116;11:48:07;40.01;24.34;x;10;5.Nis;126;56;-51;251;49;-132;1.60E+17;15;0.88;Yavuz Gunes;SC3
20220111;01:07:51;35.27;31.92;x;31;6.Nis;103;57;85;292;33;97;5.11E+18;97;0.92;Yavuz Gunes;SC3
20220105;03:21:17;36.15;31.19;x;54;5.0;145;61;97;310;28;76;4.42E+16;94;0.89;Yavuz Gunes;SC3
20211229;16:47:09;34.83;25.13;x;64;4.Eyl;157;49;17;55;76;138;3.05E+16;67;0.85;Yavuz Gunes;SC3
20211229;05:08:10;34.81;25.13;x;48;5.Tem;164;53;-24;267;70;-141;4.47E+17;69;0.91;Yavuz Gunes;SC3
20211226;18:59:02;35.21;26.91;x;10;5.Haz;91;84;2;1;87;174;2.79E+17;87;0.90;Yavuz Gunes;SC3
20211226;15:15:10;35.10;26.93;x;13;5.Oca;91;82;-4;181;85;-172;5.23E+16;99;0.89;Yavuz Gunes;SC3
20211218;05:16:40;36.07;23.20;x;45;4.Eyl;337;88;-8;67;81;-178;3.06E+16;87;0.85;Yavuz Gunes;SC3
20211205;21:46:47;38.89;43.48;x;10;4.Ağu;131;80;-173;40;83;-9;2.18E+16;86;0.84;Yavuz Gunes;SC3
20211130;04:00:40;37.68;25.93;x;10;5.Oca;113;44;-69;265;49;-109;5.68E+16;14;0.93;Yavuz Gunes;SC3
20211122;08:31:25;39.80;41.85;x;14;4.Tem;129;79;157;223;67;11;1.26E+16;98;0.80;Yavuz Gunes;SC3
20211119;12:40:51;39.80;41.93;x;10;5.Oca;123;63;171;217;82;27;5.42E+16;51;0.94;Yavuz Gunes;SC3
20211117;12:40:16;40.84;31.02;x;18;4.Eyl;344;86;7;253;82;176;3.15E+16;85;0.88;Yavuz Gunes;SC3
20211112;09:19:15;38.22;38.86;x;10;4.Eyl;331;72;-159;235;70;-18;2.80E+16;72;0.90;Yavuz Gunes;SC3
20211108;17:43:21;37.87;32.12;x;13;5.Oca;208;46;-91;30;43;-88;5.00E+16;76;0.94;Yavuz Gunes;SC3
20211019;05:32:33;34.64;28.32;x;28;5.Eyl;104;83;1;14;88;173;8.89E+17;38;0.89;Yavuz Gunes;SC3
20211012;09:24:07;35.00;26.31;x;22;6.Mar;207;16;-48;345;77;-101;3.17E+18;70;0.82;Yavuz Gunes;SC3
20210928;04:48:10;35.12;25.21;x;13;5.Şub;220;42;-84;33;47;-94;9.02E+16;9;0.87;Yavuz Gunes;SC3
20210927;06:17:20;35.12;25.21;x;10;6.0;207;50;-101;44;41;-76;1.13E+18;99;0.82;Yavuz Gunes;SC3
20210831;11:04:25;38.99;30.22;x;9;4.Eyl;126;40;-93;309;50;-88;3.13E+16;77;0.72;Remzi Polat;ISOLA
20210819;11:26:31;36.44;27.Ağu;x;10;4.Tem;332;83;-167;240;77;-6;1.64E+16;67;0.96;Yavuz Gunes;SC3
20210807;01:39:44;36.33;26.97;x;10;5.0;203;52;-77;2;39;-106;4.46E+16;97;0.90;Yavuz Gunes;SC3
20210803;12:38:18;36.38;26.98;x;10;5.Şub;199;54;-85;12;35;-95;7.92E+16;96;0.89;Yavuz Gunes;SC3
20210801;04:31:25;36.40;27.Tem;x;10;5.Haz;225;48;-64;9;47;-116;2.82E+17;73;0.89;Yavuz Gunes;SC3
20210724;02:07:37;35.23;25.25;x;10;4.Eyl;351;73;-44;96;47;-157;2.73E+16;84;0.90;Yavuz Gunes;SC3
20210722;14:16:25;36.42;27.Oca;x;10;4.Haz;208;52;-79;12;38;-102;1.02E+16;80;0.92;Yavuz Gunes;SC3
20210625;18:28:36;39.16;40.22;x;16;5.Mar;196;48;-53;328;53;-123;1.07E+17;65;0.94;Yavuz Gunes;SC3
20210621;22:14:17;36.30;26.97;x;10;5.May;213;52;-58;349;47;-123;2.22E+17;62;0.90;Yavuz Gunes;SC3
20210417;17:08:01;36.44;27.Eyl;x;10;4.Eyl;222;38;-83;34;51;-94;3.02E+16;90;0.90;Yavuz Gunes;SC3
20210413;20:28:04;36.50;27.Ağu;x;10;5.Mar;337;73;-175;245;85;-16;9.87E+16;51;0.91;Yavuz Gunes;SC3
20210312;12:57:50;39.83;22.Oca;x;10;5.May;108;38;-108;311;54;-75;2.24E+17;98;0.87;Yavuz Gunes;SC3
20210303;10:16:09;39.71;22.16;x;10;6.Mar;126;37;-103;323;53;-79;2.99E+18;98;0.92;Yavuz Gunes;SC3
20210213;11:29:23;40.03;44.48;x;9;4.Haz;40;57;48;279;51;136;9.31E+15;61;0.46;Dogan Kalafat;ISOLA
20210212;03:37:54;41.35;33.53;x;10;4.Nis;279;69;-172;186;82;-20;5.54E+15;94;0.80;Yavuz Gunes;SC3
20210209;15:53:56;38.60;31.64;x;14;4.0;39;49;-74;195;43;-107;1.49E+15;61;0.53;Remzi Polat;ISOLA
20210209;15:51:53;38.59;31.66;x;13;4.Nis;342;60;-136;225;53;-39;4.35E+15;94;0.80;Remzi Polat;ISOLA
20210202;00:02:43;39.10;36.10;x;20;4.May;346;60;-166;249;78;-30;7.58E+15;89;0.84;Yavuz Gunes;SC3
20210201;20:46:16;38.99;26.Haz;x;13;4.Tem;91;41;-89;271;48;-90;1.23E+16;94;0.87;Yavuz Gunes;SC3
20210201;13:10:17;38.95;26.Haz;x;10;4.Tem;348;85;-8;79;81;-175;1.18E+16;67;0.83;Yavuz Gunes;SC3
20210201;08:35:17;38.96;26.Tem;x;10;5.0;144;57;-2;236;87;-147;4.57E+16;59;0.81;Yavuz Gunes;SC3
20210201;06:00:01;38.95;26.Haz;x;10;4.May;336;82;-7;67;82;-172;7.77E+15;83;0.78;Yavuz Gunes;SC3
20210201;05:47:53;38.96;25.99;x;14;4.Ağu;132;48;-47;258;56;-127;1.83E+16;100;0.69;Yavuz Gunes;SC3
20210201;05:46:52;38.96;26.Haz;x;10;4.Ağu;151;83;-8;242;81;-173;1.99E+16;90;0.79;Yavuz Gunes;SC3
20210123;06:57:27;35.68;26.41;x;39;4.Mar;203;29;-112;49;62;-77;3.92E+15;40;0.85;Yavuz Gunes;SC3
20210110;19:53:01;40.05;33.32;x;10;4.May;106;79;159;200;70;10;7.91E+15;80;0.88;Yavuz Gunes;SC3
20201205;12:44:40;35.99;31.80;x;103;5.Mar;113;52;-3;205;87;-142;1.02E+17;83;0.89;Yavuz Gunes;SC3
20201203;05:45:19;37.95;41.69;x;18;5.0;325;76;158;60;69;14;3.53E+16;95;0.90;Yavuz Gunes;SC3
20201127;08:27:55;38.18;35.58;x;10;4.Haz;331;84;-170;240;80;-5;9.22E+15;88;0.80;Yavuz Gunes;SC3
20201111;06:49:45;37.87;26.95;x;10;4.May;89;42;-92;272;47;-87;6.49E+15;88;0.88;Yavuz Gunes;SC3
20201031;05:31:30;37.84;26.79;x;10;5.0;83;39;-113;292;54;-71;3.52E+16;92;0.95;Yavuz Gunes;SC3
20201030;15:14:55;37.86;26.88;x;10;5.Şub;97;81;-97;315;11;-52;7.44E+16;95;0.92;Yavuz Gunes;SC3
20201030;11:51:27;37.90;26.79;x;10;6.Eyl;97;34;-85;272;55;-93;3.00E+19;80;0.89;Yavuz Gunes;SC3
20200928;04:12:43;40.01;24.37;x;10;4.Haz;147;81;-12;238;77;-171;9.93E+15;92;0.84;Yavuz Gunes;SC3
20200926;22:50:26;39.99;24.40;x;10;5.Mar;145;82;-10;236;79;-172;1.05E+17;43;0.92;Yavuz Gunes;SC3
20200926;18:39:19;39.95;31.32;x;10;4.Mar;155;84;6;65;83;174;3.61E+15;78;0.87;Yavuz Gunes;SC3
20200924;13:38:31;40.81;28.13;x;10;4.Şub;169;86;-10;261;78;-174;2.62E+15;85;0.88;Yavuz Gunes;SC3
20200920;19:08:06;38.01;34.03;x;13;5.Şub;343;84;174;73;84;5;6.78E+16;61;0.94;Yavuz Gunes;SC3
20200916;14:48:18;38.67;41.98;x;14;4.Haz;121;58;144;231;60;37;1.03E+16;71;0.58;Dogan Kalafat;ISOLA
20200909;19:32:33;39.34;41.05;x;10;4.Oca;285;78;164;18;74;11;1.66E+15;71;0.80;Yavuz Gunes;SC3
20200908;21:57:23;40.78;27.47;x;12;4.Şub;96;76;166;189;76;14;2.63E+15;68;0.84;Yavuz Gunes;SC3
20200908;10:44:06;38.16;38.70;x;10;4.Tem;144;75;160;239;70;15;1.43E+16;73;0.84;Yavuz Gunes;SC3
20200817;07:27:02;36.86;23.67;x;83;5.0;0;72;45;253;47;155;3.31E+16;41;0.82;Yavuz Gunes;SC3
20200811;23:29:08;39.82;44.19;x;20;4.Nis;305;69;-171;212;82;-20;4.97E+15;71;0.80;Yavuz Gunes;SC3
20200807;19:20:11;38.06;42.60;x;10;4.Haz;314;81;-169;222;80;-8;1.08E+16;82;0.84;Yavuz Gunes;SC3
20200804;09:37:37;38.20;38.68;x;10;5.May;328;89;170;58;80;0;2.33E+17;83;0.92;Yavuz Gunes;SC3
20200628;11:18:34;35.56;26.68;x;15;4.May;175;76;-159;79;69;-14;7.03E+15;95;0.79;Yavuz Gunes;SC3
20200628;17:43:28;36.73;28.31;x;65;5.Nis;326;61;155;69;68;31;1.97E+17;98;0.90;Yavuz Gunes;SC3
20200626;19:36:35;35.58;26.66;x;19;4.Tem;173;74;-154;76;65;-16;1.20E+16;99;0.81;Yavuz Gunes;SC3
20200626;07:21:12;38.79;27.79;x;12;5.Oca;273;39;-135;145;64;-61;4.74E+16;82;0.66;Selda Altuncu Poyraz;ISOLA
20200625;10:03:28;38.47;44.13;x;11;5.Şub;339;53;-117;199;45;-60;7.68E+16;43;0.48;Selda Altuncu Poyraz;ISOLA
20200619;07:43:20;34.15;25.51;x;25;5.0;318;81;167;50;77;8;4.44E+16;37;0.66;Yavuz Gunes;SC3
20200615;06:51:30;39.34;40.75;x;10;5.May;272;75;170;4;81;14;2.33E+17;67;0.89;Yavuz Gunes;SC3
20200614;14:24:27;39.31;40.82;x;10;5.Eyl;355;81;9;264;80;171;8.63E+17;94;0.96;Yavuz Gunes;SC3
20200605;18:06:18;38.26;38.71;x;8;5.0;151;85;123;248;33;9;4.46E+16;97;0.66;Dogan Kalafat;ISOLA
20200502;12:51:06;34.22;25.71;x;15;6.Nis;270;47;96;82;44;84;4.59E+18;x;x;Remzi Polat;ISOLA
20200424;13:16:03;35.86;27.97;x;63;4.May;0;31;-165;258;82;-59;7.51E+15;66;0.85;Yavuz Gunes;SC3
20200415;08:18:35;35.95;35.45;x;10;4.Nis;319;86;172;50;82;3;5.00E+15;48;0.66;Yavuz Gunes;SC3
20200415;07:40:04;35.81;35.53;x;10;4.Tem;320;85;-169;229;79;-4;1.21E+16;78;0.81;Yavuz Gunes;SC3
20200403;05:44:23;38.84;43.52;x;15;4.Tem;279;70;-167;185;77;-20;1.27E+16;22;0.35;Dogan Kalafat;ISOLA
20200319;17:53:30;38.40;39.09;x;10;5.Oca;332;66;162;70;73;25;5.01E+16;54;0.71;Dogan Kalafat;ISOLA
20200317;18:14:32;36.97;27.34;x;11;4.Oca;218;65;-120;92;38;-43;1.52E+15;42;0.69;Remzi Polat;ISOLA
20200225;23:03:35;38.29;38.76;x;19;4.Ağu;342;84;-131;244;41;-10;1.95E+16;76;0.43;Remzi Polat;ISOLA
20200224;02:43:33;38.99;27.87;x;11;4.Eyl;182;56;18;81;75;145;2.75E+16;51;0.75;Remzi Polat;ISOLA
20200223;16:00:30;38.40;44.40;x;10;6.0;282;90;172;12;82;0;1.42E+18;85;0.35;Dogan Kalafat;ISOLA
20200223;12:40:17;38.99;27.88;x;10;4.May;174;70;1;84;90;160;6.50E+15;87;0.72;Dogan Kalafat;ISOLA
20200223;05:52:57;38.20;44.68;x;11;5.Eyl;282;84;-122;182;32;-12;7.82E+17;52;0.55;Dogan Kalafat;ISOLA
20200222;22:26:40;37.40;31.49;x;6;4.Nis;335;25;-106;172;66;-83;5.61E+15;77;0.58;Dogan Kalafat;ISOLA
20200218;16:09:22;39.10;27.82;x;13;5.Oca;264;86;-173;174;83;-4;5.49E+16;97;0.73;Dogan Kalafat;ISOLA
20200210;22:46:50;35.18;27.96;x;9;5.Oca;37;70;-95;231;20;-78;5.77E+16;85;0.71;Remzi Polat;ISOLA
20200204;17:55:23;38.99;27.87;x;12;4.Eyl;259;81;-174;168;84;-9;2.62E+16;79;0.56;Dogan Kalafat;ISOLA
20200203;22:19:39;38.37;39.08;x;5;4.Mar;153;75;-178;62;88;-15;3.70E+15;94;0.72;Remzi Polat;ISOLA
20200202;00:23:47;39.00;27.86;x;13;4.May;81;88;171;171;81;2;6.37E+15;67;0.77;Dogan Kalafat;ISOLA
20200130;11:21:34;35.11;27.86;x;13;5.Tem;36;46;-91;217;44;-89;4.79E+17;75;0.51;Remzi Polat;ISOLA
20200130;01:28:02;35.03;27.75;x;9;5.May;209;51;-118;69;47;-60;2.12E+17;35;0.52;Remzi Polat;ISOLA
20200128;15:38:22;35.18;27.91;x;9;5.May;38;58;-94;225;32;-84;1.97E+17;84;0.58;Remzi Polat;ISOLA
20200128;11:26:13;39.11;27.84;x;10;4.Eyl;334;29;-43;103;71;-112;2.65E+16;27;0.59;Dogan Kalafat;ISOLA
20200127;16:11:59;38.38;39.11;x;10;4.Nis;317;74;158;53;69;17;4.96E+15;30;0.60;Dogan Kalafat;ISOLA
20200125;16:30:06;38.34;39.08;x;8;4.Eyl;148;89;175;238;85;1;3.27E+16;53;0.67;Dogan Kalafat;ISOLA
20200124;17:55:16;38.52;39.29;x;10;6.Tem;339;85;-176;248;87;-4;1.29E+19;x;x;Dogan Kalafat;SC3
20200123;03:54:11;40.12;33.25;x;9;4.Nis;20;87;4;290;86;177;4.97E+15;19;0.60;Dogan Kalafat;ISOLA
20200122;20:17:38;39.06;27.84;x;9;4.Şub;74;75;-156;338;67;-16;2.95E+15;67;0.60;Remzi Polat;ISOLA
20200122;19:22:15;39.06;27.84;x;8;5.May;81;84;-171;350;82;-6;2.05E+17;85;0.61;Dogan Kalafat;ISOLA
20200111;13:37:36;40.87;28.21;x;15;4.Tem;312;59;-164;214;76;-31;1.46E+16;42;0.71;Yavuz Gunes;SC3
20191227;07:02:24;38.36;39.00;x;8;4.Eyl;178;87;118;273;28;5;2.85E+16;44;0.77;Dogan Kalafat;ISOLA
20191210;20:14:02;39.45;27.93;x;8;4.Haz;145;81;-24;239;66;-170;1.19E+16;56;0.90;Dogan Kalafat;ISOLA
20191010;23:55:57;39.42;25.65;x;9;4.Mar;253;87;-166;162;76;-3;3.47E+15;77;0.81;Remzi Polat;ISOLA
20190926;10:59:24;40.88;28.21;x;5;5.Haz;27;62;40;276;55;145;3.45E+17;92;0.61;Fatih Turhan;ISOLA
20190924;08:00:21;40.88;28.21;x;4;4.May;282;73;174;14;84;17;6.49E+15;87;0.77;Selda Altuncu;ISOLA
20190914;06:03:10;40.76;32.96;x;7;4.Eyl;288;77;174;19;84;13;2.84E+16;75;0.71;Yavuz Gunes;ISOLA
20190914;06:00:29;40.73;32.97;x;7;4.Ağu;285;80;177;16;87;10;1.78E+16;80;0.68;Yavuz Gunes;ISOLA
20190808;11:25:30;37.92;29.60;x;11;5.Tem;277;36;-84;90;54;-94;4.21E+17;99;0.71;Yavuz Gunes;ISOLA
20190808;08:39:07;38.02;26.85;x;6;4.Haz;274;27;-107;113;65;-81;8.44E+15;30;0.65;Yavuz Gunes;ISOLA
20190602;13:08:47;40.76;30.76;x;9;4.Mar;96;21;-90;276;69;-90;3.86E+15;44;0.80;Dogan Kalafat;ISOLA
20190529;19:42:25;39.26;39.89;x;7;4.Şub;241;49;-14;340;80;-138;2.97E+15;78;0.81;Yavuz Gunes;ISOLA
20190528;05:27:46;36.96;27.64;x;6;4.May;292;56;-78;92;36;-107;8.14E+15;94;0.43;Yavuz Gunes;ISOLA
20190515;16:53:47;31.78;32.78;x;43;5.0;140;79;169;232;79;12;3.78E+16;25;0.38;Dogan Kalafat;ISOLA
20190512;22:24:08;39.32;27.93;x;6;4.Nis;248;80;-175;158;85;-10;4.94E+15;92;0.63;Dogan Kalafat;ISOLA
20190429;04:43:16;35.35;27.69;x;32;4.Eyl;324;71;-114;198;30;-39;2.57E+16;77;0.66;Dogan Kalafat;ISOLA
20190415;04:41:28;38.75;38.15;x;6;4.Mar;154;67;-151;52;63;-26;3.95E+15;60;0.71;Yavuz Gunes;ISOLA
20190404;17:31:07;38.41;39.14;x;8;5.0;155;85;178;246;88;5;4.52E+16;44;0.77;Dogan Kalafat;ISOLA
20190401;01:49:28;37.49;29.39;x;13;4.May;304;77;-102;165;18;-50;6.01E+15;72;0.60;Selda Altuncu;ISOLA
20190331;11:30:15;37.48;29.39;x;8;5.0;345;71;-99;192;21;-65;3.93E+16;98;0.62;Dogan Kalafat;ISOLA
20190325;11:29:25;38.77;38.06;x;13;4.May;238;79;-26;333;65;-168;7.35E+15;89;0.50;Yavuz Gunes;ISOLA
20190320;06:34:26;37.45;29.43;x;12;5.May;143;51;-78;304;40;-105;1.89E+17;22;0.52;Dogan Kalafat;ISOLA
20190220;18:23:27;39.62;26.43;x;8;5.0;336;71;-31;77;61;-159;4.12E+16;99;0.88;Dogan Kalafat;ISOLA
20190212;17:14:29;40.58;33.01;x;8;4.Haz;94;83;-171;3;81;-7;1.00E+16;68;0.70;Dogan Kalafat;ISOLA
20190202;12:20:37;37.24;35.83;x;18;4.Nis;324;87;161;55;71;3;4.42E+15;98;0.64;Dogan Kalafat;ISOLA
20190125;20:20:33;38.58;27.Eki;x;18;4.Şub;259;72;-175;168;85;-18;2.39E+15;79;0.50;Dogan Kalafat;ISOLA
20190124;14:30:52;35.89;28.Tem;x;42;5.Şub;344;54;176;77;86;36;7.25E+16;34;0.65;Dogan Kalafat;ISOLA
20181220;06:34:25;40.60;28.97;x;8;4.Nis;135;43;-83;305;47;-97;4.42E+15;85;0.82;Fatih Turhan;ISOLA
20181130;02:36:35;40.59;28.98;x;9;4.0;305;57;-97;138;34;-79;1.37E+15;78;0.49;Remzi Polat;ISOLA
20181127;23:16:11;36.69;25.78;x;7;4.Nis;47;53;-94;233;37;-85;5.87E+15;99;0.45;Remzi Polat;ISOLA
20181029;12.09:11;34.36;33.56;x;15;4.Mar;312;36;106;113;55;79;3.88E+15;33;0.60;Dogan Kalafat;ISOLA
20180912;00:06:21;36.07;31.14;x;40;5.Şub;194;53;-20;297;74;-141;7.41E+16;81;0.43;Yavuz Gunes;ISOLA
20180910;23.02:55;37.18;30.64;x;107;4.Eyl;223;34;88;46;56;91;2.91E+16;96;0.68;Dogan Kalafat;ISOLA
20180819;15:22:14;37.32;36.34;x;6;4.Tem;355;70;-105;213;25;-55;1.20E+16;82;0.56;Yavuz Gunes;ISOLA
20180723;00:02:40;37.56;29.81;x;11;4.Haz;355;55;-107;203;39;-67;1.19E+16;34;0.62;Yavuz Gunes;ISOLA
20180721;06:25:14;39.05;44.09;x;12;4.Haz;221;67;36;115;57;152;8.51E+15;71;0.74;Yavuz Gunes;ISOLA
20180623;03:50:02;38.53;44.34;x;9;4.Tem;113;61;133;231;51;39;1.19E+16;66;0.52;Yavuz Gunes;ISOLA
20180424;00:34:29;37.52;38.50;x;10;5.Oca;302;86;165;33;75;3;5.15E+16;98;0.93;Yavuz Gunes;SC3
20180413;17:14:00;37.08;31.96;x;16;4.May;10;32;-66;163;61;-104;7.21E+15;85;0.66;Yavuz Gunes;ISOLA
20180407;21:16:31;40.86;31.66;x;6;4.Nis;301;44;-141;181;64;-53;4.51E+15;94;0.57;Yavuz Gunes;ISOLA
20171231;04.02:19;38.23;22.85;x;9;4.Haz;239;36;-113;86;57;-74;1.12E+16;90;0.54;Yavuz Gunes;ISOLA
20171225;05:13:50;38.57;26.73;x;8;4.Haz;339;66;-12;73;79;-156;8.56E+15;79;0.84;Selda Altuncu Poyraz;ISOLA
20171202;11:58:04;37.71;44.58;x;8;4.Nis;186;59;115;323;39;55;4.50E+17;99;0.48;Yavuz Gunes;ISOLA
20171124;21:49:15;37.14;28.61;x;4;5.Şub;100;46;-94;286;44;-86;8.89E+16;62;0.59;Yavuz Gunes;ISOLA
20171111;08:56:38;38.85;27.47;x;10;4.Oca;318;49;-67;104;46;-115;1.56E+15;81;0.69;Yavuz Gunes;ISOLA
20171107;02:40:31;36.33;28.43;x;69;4.May;303;56;171;38;82;33;7.48E+15;37;0.90;Yavuz Gunes;SC3
20171024;09:36:23;39.99;27.39;x;6;4.Haz;284;35;-74;85;56;-101;1.06E+16;100;0.70;Selda Altuncu Poyraz;ISOLA
20171011;22:49:44;39.11;24.28;x;9;5.0;224;79;-164;131;74;-12;3.36E+16;73;0.83;Remzi Polat;ISOLA
20170924;16:57:16;36.95;27.31;x;8;4.Nis;70;47;-97;261;43;-81;5.46E+15;48;0.59;Yavuz Gunes;ISOLA
20170901;16:48:32;36.01;28.Oca;x;73;4.Eyl;337;56;138;94;56;42;2.39E+16;90;0.50;Yavuz Gunes;ISOLA
20170814;02:43:50;37.08;27.72;x;10;4.Tem;110;52;-53;239;50;-128;1.44E+16;83;x;Yavuz Gunes;N/A
20170813;11:16:51;37.13;27.72;x;7;5.0;102;42;-73;260;51;-104;4.66E+16;93;0.60;Ali Pinar;ISOLA
20170808;07:42:19;37.03;27.60;x;6;5.Şub;56;48;-122;279;50;-59;6.76E+16;x;x;Ali Pinar;N/A
20170807;05:18:47;37.02;27.60;x;6;4.Tem;79;35;-97;268;56;-85;1.40E+23;x;x;Ali Pinar;N/A
20170730;17:51:18;37.00;27.67;x;4;4.May;275;61;-85;84;29;-100;7.28E+15;92;0.67;Yavuz Gunes;ISOLA
20170722;14:25:47;36.57;26.79;x;140;4.Haz;324;32;-169;224.6;84.2;-58.5;1.06E+16;x;x;Yavuz Gunes;N/A
20170722;17:09:22;36.97;27.38;x;14;4.Nis;75;35;-97;265;54;-84;4.74E+15;50;0.48;Yavuz Gunes;ISOLA
20170721;17:09:46;36.95;27.25;x;11;4.Tem;249;41;-97;79;49;-83;1.64E+16;33;0.54;Yavuz Gunes;ISOLA
20170720;22:31:11;36.93;27.42;x;6;6.Haz;286;53;-72;78;40;-112;8.45E+18;x;x;Fatih Turhan;N/A
20170720;23:23:51;36.96;27.31;x;10;4.Ağu;51;48;-114;265;47;-65;1.71E+16;55;0.52;Yavuz Gunes;ISOLA
20170715;20:30:17;34.81;25.37;x;14;5.Mar;169;87;-167;79;77;-2;1.24E+17;97;0.68;Yavuz Gunes;ISOLA
20170703;11:18:21;41.15;20.74;x;10;5.0;40;47;-96;230;43;-82;3.56E+16;89;x;Yavuz Gunes;N/A
20170622;02:48:52;38.82;26.46;x;8;4.Eyl;242;46;-143;124;64;-50;2.90E+16;71;0.91;Yavuz Gunes;ISOLA
20170617;19:50:04;38.85;26.44;x;7;5.Şub;238;66;-157;138;69;-26;7.72E+16;84;0.74;Yavuz Gunes;ISOLA
20170617;03:40:36;38.91;26.22;x;9;4.Haz;324;67;-13;60;78;-156;1.11E+16;83;0.93;Yavuz Gunes;ISOLA
20170614;04:35:54;38.87;26.37;x;10;4.Oca;80;35;-118;294;59;-71;1.87E+15;x;x;Yavuz Gunes;N/A
20170612;12:28:39;38.85;26.35;x;10;6.Şub;104;43;-100;299;47;-80;2.36E+18;74;0.80;Yavuz Gunes;ISOLA
20170528;11:04:58;38.73;27.78;x;4;4.Eyl;123;44;-91;305;46;-89;2.90E+16;72;0.67;Yavuz Gunes;ISOLA
20170528;02:52:55;38.74;27.80;x;4;4.Ağu;119;42;-94;304;48;-87;2.18E+16;75;0.67;Yavuz Gunes;ISOLA
20170528;02:50:25;38.72;27.78;x;4;4.Haz;121;46;-92;303;44;-88;9.84E+15;76;0.68;Yavuz Gunes;ISOLA
20170527;15:53:23;38.72;27.83;x;6;5.Oca;125;40;-96;312;50;-85;5.07E+16;99;0.71;Remzi Polat;ISOLA
20170517;11:30:36;35.93;27.53;x;7;4.Eyl;32;70;-62;156;34;-141;2.87E+16;67;0.57;Remzi Polat;ISOLA
20170511;17:58:00;40.07;40.71;x;9;4.Tem;243;45;125;18;54;60;1.35E+16;83;0.68;Selda Altuncu Poyraz;ISOLA
20170421;14:12:21;38.65;27.60;x;4;5.0;276;45;-138;154;62;-53;3.62E+16;100;0.79;Yavuz Gunes;ISOLA
20170501;16:30:40;38.27;42.92;x;20;4.Nis;312;72;-170;219;81;-18;5.85E+15;90;0.76;Yavuz Gunes;ISOLA
20170421;13:09:20;38.79;29.May;x;4;4.Eyl;254;53;-96;85;37;-82;2.76E+16;87;0.59;Yavuz Gunes;ISOLA
20170413;16:22:15;37.14;28.66;x;5;4.Eyl;302;70;-73;80;26;-129;2.65E+16;98;0.55;Selda Altuncu Poyraz;ISOLA
20170302;11:07:25;37.60;38.49;x;6;5.Mar;318;85;175;48;85;5;1.07E+17;66;0.67;Fatih Turhan;ISOLA
20170228;23:27:33;39.49;26.May;x;7;4.Haz;278;56;-97;112;35;-79;1.06E+16;80;0.50;Selda Altuncu Poyraz;ISOLA
20170223;01:55:13;39.56;26.Tem;x;6;4.Şub;104;44;-91;285;46;-89;2.30E+15;38;0.56;Yavuz Gunes;ISOLA
20170216;00:18:59;39.51;26.May;x;11;4.May;277;42;-110;123;51;-73;7.78E+15;59;0.80;Selda Altuncu Poyraz;ISOLA
20170212;13:48:15;39.52;26.13;x;4;5.Şub;116;47;-93;301;43;-87;6.79E+16;74;0.58;Yavuz Gunes;ISOLA
20170210;08:55:25;39.51;26.13;x;6;4.Haz;311;47;-106;154;46;-73;8.45E+15;90;0.84;Yavuz Gunes;ISOLA
20170210;12.27:30;39.78;42.52;x;8;4.Şub;132;80;-179;42;89;-10;2.83E+15;84;0.59;Yavuz Gunes;ISOLA
20170207;02:24:02;39.52;26.Eyl;x;8;5.Mar;114;43;-89;292;47;-91;1.16E+17;95;0.94;Yavuz Gunes;ISOLA
20170207;05:17:08;39.53;26.16;x;7;4.Mar;314;30;-64;106;64;-104;3.27E+15;35;0.64;Selda Altuncu Poyraz;ISOLA
20170206;03:51:39;39.56;26.Şub;x;6;5.Mar;286;39;-116;138;56;-71;1.18E+17;86;0.87;Yavuz Gunes;ISOLA
20170206;10:58:00;39.51;26.Tem;x;6;5.Oca;321;52;-72;113;42;-111;5.14E+16;95;0.63;Selda Altuncu Poyraz;ISOLA
20170206;11:45:00;39.53;26.Ağu;x;8;4.Mar;269;28;-82;80;62;-94;3.17E+15;85;0.77;Yavuz Gunes;ISOLA
20170127;20:51:26;35.98;28.70;x;19;4.Haz;78;84;169;169;79;7;1.08E+16;85;0.58;Yavuz Gunes;ISOLA
20170125;18:50:51;35.33;26.38;x;61;5.Şub;152;53;7;58;84;143;8.86E+16;99;0.62;Yavuz Gunes;ISOLA
20170114;22:38:59;39.55;26.Ara;x;6;4.Nis;310;44;-75;110;48;-104;5.85E+15;84;0.80;Yavuz Gunes;ISOLA
20170101;13:04:02;34.96;27.14;x;10;4.Ağu;162;58;164;260;76;33;2.23E+16;18;0.74;Yavuz Gunes;ISOLA
20161220;06:03:44;36.57;26.93;x;107;5.Mar;62;64;16;325;76;153;1.08E+17;82;0.70;Yavuz Gunes;ISOLA
20161216;21:21:49;39.63;39.71;x;7;4.Mar;299;42;-106;140;50;-76;4.10E+15;92;0.71;Fatih Turhan;ISOLA
20161212;22:42:08;38.51;43.83;x;5;4.Şub;45;80;29;309;61;169;2.52E+15;39;0.44;Yavuz Gunes;ISOLA
20161123;12:14:36;38.50;43.84;x;3;4.Nis;23;82;-41;120;50;-169;5.29E+15;29;0.74;Yavuz Gunes;ISOLA
20161102;11:57:43;40.75;34.31;x;6;4.Mar;304;63;-148;198;62;-31;3.13E+15;76;0.79;Remzi Polat;ISOLA
20161015;08:18:32;42.19;30.72;x;10;4.Eyl;64;48;100;229;43;79;2.66E+16;97;0.51;Selda Altuncu Poyraz;ISOLA
20160927;20:57:07;36.39;27.59;x;71;5.Oca;107;56;53;340;48;131;5.93E+16;95;0.57;Yavuz Gunes;ISOLA
20160912;09:29:37;38.89;27.73;x;8;4.May;256;86;164;347;74;4;8.00E+15;81;0.80;Fatih Turhan;ISOLA
20160912;08:26:04;38.90;27.74;x;7;4.Ağu;76;88;-173;345;83;-2;2.00E+16;90;0.82;Fatih Turhan;ISOLA
20160817;01:07:02;38.65;38.15;x;2;4.0;262;43;-148;148;68;-51;1.21E+15;42;0.72;Yavuz Gunes;ISOLA
20160802;19:30:51;40.33;33.31;x;6;4.0;36;82;29;302;61;170;1.19E+15;77;0.66;Yavuz Gunes;ISOLA
20160730;17:26:20;35.18;22.83;x;31;5.Oca;118;83;87;321;7.Haz;113;5.26E+16;77;0.69;Fatih Turhan;ISOLA
20160625;05:40:11;40.70;29.21;x;9;4.Oca;84;69;128;199;43;32;1.66E+15;57;0.71;Yavuz Gunes;ISOLA
20160621;06:25:21;39.40;40.73;x;8;4.Oca;288;86;-169;197;79;-4;1.67E+15;100;;Remzi Polat;ISOLA
20160610;18:57:01;39.02;40.74;x;11;4.Nis;126;89;-164;36;74;-1;5.55E+15;95;0.75;Yavuz Gunes;ISOLA
20160607;04:09:45;40.26;29.15;x;11;4.Oca;320;76;-36;60;56;-163;1.95E+15;90;;Fatih Turhan;ISOLA
20160525;08:36:13;34.92;26.36;x;35;5.Mar;341;76;-93;173;14;-79;1.17E+17;88;;Fatih Turhan;ISOLA
20160522;08:58:31;41.59;23.31;x;12;4.Şub;296;57;-26;41;68;-144;2.73E+15;;;Remzi Polat;ISOLA
20160416;00:10:38;34.97;25.69;x;16;5.0;1;78;122;108;34;21;3.58E+16;;;Remzi Polat;ISOLA
20160331;21:33:21;36.97;35.85;x;14;4.Şub;142;77;-171;50;81;-14;2.26E+15;93;0.46;Selda Altuncu Poyraz;ISOLA
20160119;19:04:43;36.71;26.94;x;138;4.Nis;57;60;9;323;83;149;5.66E+15;92;0.66;Fatih Turhan;ISOLA
20160110;17:40:47;39.58;34.36;x;13;4.Tem;273;79;-176;182;86;-11;1.32E+16;87;0.77;Fatih Turhan;ISOLA
20160110;17:40:47;39.58;34.36;x;13;4.Tem;273;79;-176;182;86;-11;1.32E+16;87;0.77;Fatih Turhan;ISOLA
20160107;02:01:45;38.90;43.53;x;22;4.May;198;89;2;108;88;179;6.54E+15;43;0.58;Selda Altuncu Poyraz;ISOLA
20151226;11:00:53;35.46;27.42;x;29;5.Oca;314;88;-160;223;70;-3;5.00E+16;85;0.80;Fatih Turhan;ISOLA
20151209;09:03:33;38.84;37.88;x;9;4.Nis;339;89;170;69;80;1;4.48E+15;71;0.82;Fatih Turhan;ISOLA
20151207;23:27:16;39.28;40.23;x;6;4.Mar;215;66;-7;308;84;-156;3.07E+15;68;0.73;Fatih Turhan;ISOLA
20151204;15:37:40;39.26;40.22;x;6;4.Şub;309;79;-165;216;75;-11;2.90E+15;94;0.76;Fatih Turhan;ISOLA
20151202;23:27:06;39.27;40.22;x;9;5.Mar;219;67;-13;314;78;-157;1.16E+17;59;0.70;Fatih Turhan;ISOLA
20151129;00:28:07;38.82;37.84;x;11;5.0;161;89;-172;71;82;-1;3.69E+16;92;0.86;Fatih Turhan;ISOLA
20151116;15:45:43;40.83;28.76;x;6;3.Eyl;314;58;-101;154;33;-73;7.92E+14;96;0.64;Fatih Turhan;ISOLA
20151029;09:46:39;39.09;43.73;x;14;4.Haz;210;76;33;111;58;164;8.79E+15;53;0.84;Fatih Turhan;ISOLA
20151028;16:20:02;40.82;27.76;x;5;4.Mar;249;77;161;343;71;14;3.90E+15;82;0.76;Fatih Turhan;ISOLA
20151026;20:07:59;39.79;26.27;x;5;3.Eyl;304;62;-44;59;52;-144;1.01E+15;79;0.70;Fatih Turhan;ISOLA
20151026;04:43:29;38.87;38.24;x;7;3.Haz;63;81;30;328;60;169;3.73E+14;82;0.69;Fatih Turhan;ISOLA
20151023;18:29:39;37.98;26.81;x;9;3.Eyl;58;90;173;148;83;0;9.82E+14;95;0.69;Fatih Turhan;ISOLA
20151013;23:18:10;39.14;29.Mar;x;9;4.0;283;56;-103;125;36;-71;1.41E+15;71;0.70;Fatih Turhan;ISOLA
20151012;02:16:10;34.60;26.41;x;21;4.Ağu;321;74;-156;224;67;-17;1.72E+16;89;0.52;Fatih Turhan;ISOLA
20151009;14:39:15;40.67;36.66;x;12;4.Ağu;280;86;178;10;88;4;1.81E+16;94;0.88;Fatih Turhan;ISOLA
20151006;21:27:33;36.17;29.89;x;41;5.Oca;274;43;-163;171;78;-48;5.42E+16;78;0.63;Fatih Turhan;ISOLA
20151003;21:08:03;38.18;38.93;x;12;3.Ağu;324;71;160;60;71;20;6.15E+14;91;0.65;Fatih Turhan;ISOLA
20150922;07:11:10;39.15;29.13;x;9;4.Oca;269;63;-84;77;28;-101;1.84E+15;88;0.77;Fatih Turhan;ISOLA
20150922;06:25:04;39.15;29.13;x;11;3.Eyl;250;38;-101;84;53;-82;8.54E+14;72;0.73;Fatih Turhan;ISOLA
20150918;22:30:28;39.81;30.45;x;7;3.Tem;277;61;-105;126;32;-65;4.28E+14;80;0.72;Fatih Turhan;ISOLA
20150916;19:52:11;35.39;27.79;x;27;4.Ağu;305;34;174;40;87;56;2.13E+16;73;0.52;Fatih Turhan;ISOLA
20150916;00:14:36;40.43;42.29;x;9;3.Ağu;301;81;-160;208;70;-9;7.46E+14;58;0.81;Fatih Turhan;ISOLA
20150913;02:57:26;37.14;28.90;x;6;4.Nis;248;64;-96;82;27;-77;5.18E+15;98;0.63;Fatih Turhan;ISOLA
20150910;08:12:45;38.84;26.28;x;9;4.Tem;101;34;-92;283;56;-89;1.34E+16;86;0.78;Fatih Turhan;ISOLA
20150907;00:37:35;39.18;40.21;x;20;4.Haz;307;83;-174;214;87;-7;1.00E+16;;0.16;Selda A.Poyraz;ISOLA
20150903;08:23:19;39.15;29.13;x;9;3.Eyl;263;71;-80;55;21;-116;9.41E+14;88;0.78;Fatih Turhan;ISOLA
20150826;23:01:44;37.30;36.98;x;7;4.0;353;43;-100;187;48;-81;9.72E+14;;0.54;Selda A.Poyraz;ISOLA
20150818;21:19:39;35.58;31.36;x;31;4.Eyl;113;76;97;266;16;64;2.77E+16;92;0.70;Fatih Turhan;ISOLA
20150729;22:00:54;36.51;35.06;x;19;4.Tem;11;18;-90;191;72;-90;1.63E+16;99;0.81;Fatih Turhan;ISOLA
20150724;09:58:38;36.64;26.80;x;134;5.0;82;26;1;352;90;116;4.09E+16;91;0.72;Fatih Turhan;ISOLA
20150724;06:54:10;40.25;26.31;x;5;4.Şub;96;85;-33;189;57;-174;2.88E+15;;0.76;Selda A.Poyraz;ISOLA
20150724;02:39:42;40.24;26.29;x;6;4.Ağu;222;42;-150;108;70;-53;1.75E+16;95;0.89;Fatih Turhan;ISOLA
20150706;01:03:47;38.25;26.58;x;6;4.Oca;163;46;-76;323;46;-104;2.08E+15;;;Dogan Kalafat;N/A
20150702;22:22:25;39.68;27.85;x;12;3.Ağu;100;83;-159;7;69;-8;2.20E+14;;0.55;Selda A.Poyraz;ISOLA
20150623;22:35:20;38.67;43.17;x;11;4.May;75;44;71;281;49;107;6.37E+15;99;0.85;Fatih Turhan;ISOLA
20150609;21:49:47;35.10;26.76;x;17;5.Mar;150;74;-178;59.4;88;-16;1.20E+17;90;0.68;Fatih Turhan;ISOLA
20150609;01:09:01;38.66;23.46;x;11;5.Şub;233;82;165;326;75;9;7.92E+16;66;0.58;Fatih Turhan;ISOLA
20150601;14:54:12;37.52;44.07;x;19;3.Ağu;117;82;164;209;75;8;5.39E+14;;0.58;Selda A.Poyraz;ISOLA
20150529;08:02:52;36.91;27.61;x;7;4.0;277;53;-75;74;40;-109;1.32E+15;69;0.54;Fatih Turhan;ISOLA
20150522;02:56:33;35.78;27.24;x;7;3.Ağu;317;55;-124;187;47;-51;5.92E+14;77;0.54;Fatih Turhan;ISOLA
20150511;23:40:51;40.00;33.24;x;4;3.Ağu;101;79;178;192;88;11;6.05E+14;70;0.74;Fatih Turhan;ISOLA
20150511;04:16:27;40.42;29.13;x;7;3.May;255;66;-135;144;50;-32;2.45E+14;79;0.70;Fatih Turhan;ISOLA
20150508;19:14:47;41.77;33.36;x;9;4.0;184;41;36;;;;1.45E+15;;;Dogan Kalafat;N/A
20150502;12:45:57;40.84;32.49;x;7;4.0;259;90;-171;169;81;0;1.10E+15;42;0.55;Fatih Turhan;ISOLA
20150502;08:23:46;34.53;25.81;x;20;4.Ağu;286;77;-163;193;73;-13;2.20E+16;78;0.63;Fatih Turhan;ISOLA
20150428;14:01:01;38.90;43.58;x;23;4.Oca;309;78;166;42;77;13;1.93E+15;86;0.57;Fatih Turhan;ISOLA
20150428;07:59:28;37.06;28.55;x;8;4.Oca;310;63;-71;94;32;-122;2.05E+15;72;0.72;Fatih Turhan;ISOLA
20150417;02:05:41;35.10;26.80;x;26;5.Mar;327;75;-168;;;;9.61E+16;;;Dogan Kalafat;N/A
20150416;19:02:14;35.14;26.86;x;16;4.Eyl;146;67;155;247;67;25;2.48E+16;68;0.53;Fatih Turhan;ISOLA
20150415;08:25:10;34.71;32.34;x;14;5.Oca;113;26;104;;;;4.96E+16;;;Dogan Kalafat;N/A
20150414;08:00:03;34.67;26.74;x;29;4.May;308;63;-118;177;38;-47;7.86E+15;96;0.57;Fatih Turhan;ISOLA
20150413;03:49:01;39.10;24.50;x;2;4.Mar;326;80;-10;58;80;-170;3.29E+15;52;0.77;Fatih Turhan;ISOLA
20150411;22:01:05;39.32;42.16;x;11;3.Tem;58;65;48;;;;3.87E+14;;;Dogan Kalafat;N/A
20150408;13:33:32;35.28;27.84;x;20;4.May;311;79;176;42;86;11;7.09E+15;75;0.55;Fatih Turhan;ISOLA
20150406;16:42:30;35.28;27.63;x;10;4.Şub;68;56;32;;;;2.52E+15;;;Dogan Kalafat;N/A
20150328;19:40:41;37.22;30.Haz;x;8;3.Nis;305;37;-133;;;;1.40E+14;;;Dogan Kalafat;N/A
20150328;10:08:16;37.48;36.41;x;22;4.Oca;306;70;-150;;;;1.81E+15;;;Dogan Kalafat;N/A
20150328;05:04:15;38.89;35.62;x;7;3.Haz;144;73;-167;;;;3.10E+14;;;Dogan Kalafat;N/A
20150327;23:34:53;35.69;26.60;x;66;5.Oca;44;88;119;;;;6.17E+16;;;Dogan Kalafat;N/A
